[
{
    "model": "mmetering.flat",
    "pk": 1,
    "fields": {
        "name": "App. 193a",
        "modus": "IM"
    }
},
{
    "model": "mmetering.flat",
    "pk": 2,
    "fields": {
        "name": "App. 61",
        "modus": "IM"
    }
},
{
    "model": "mmetering.flat",
    "pk": 3,
    "fields": {
        "name": "App. 65",
        "modus": "IM"
    }
},
{
    "model": "mmetering.flat",
    "pk": 5,
    "fields": {
        "name": "BKHW",
        "modus": "EX"
    }
},
{
    "model": "mmetering.meter",
    "pk": 2,
    "fields": {
        "flat": 1,
        "addresse": 1,
        "seriennummer": "A748HGS83JKL38",
        "init_datetime": "2016-12-21T15:14:09",
        "start_datetime": "2017-03-02T13:20:23.853",
        "end_datetime": null,
        "active": false
    }
},
{
    "model": "mmetering.meter",
    "pk": 3,
    "fields": {
        "flat": 2,
        "addresse": 2,
        "seriennummer": "7489HSJ83JSK393",
        "init_datetime": "2017-01-06T22:00:22",
        "start_datetime": "2017-03-31T17:42:12",
        "end_datetime": null,
        "active": true
    }
},
{
    "model": "mmetering.meter",
    "pk": 4,
    "fields": {
        "flat": 3,
        "addresse": 3,
        "seriennummer": "847HSJ83SL93X73",
        "init_datetime": "2017-01-07T14:09:23",
        "start_datetime": "2017-03-31T17:42:12",
        "end_datetime": null,
        "active": true
    }
},
{
    "model": "mmetering.meter",
    "pk": 6,
    "fields": {
        "flat": 5,
        "addresse": 5,
        "seriennummer": "838HSJ309SKSL4JLK",
        "init_datetime": "2017-02-05T19:46:07",
        "start_datetime": "2017-03-31T19:45:00",
        "end_datetime": null,
        "active": true
    }
},
{
    "model": "mmetering.meterdata",
    "pk": 52026,
    "fields": {
        "meter": 4,
        "saved_time": "2017-04-29T22:15:00",
        "value": 1305.6
    }
},
{
    "model": "mmetering.meterdata",
    "pk": 52027,
    "fields": {
        "meter": 4,
        "saved_time": "2017-04-29T22:30:00",
        "value": 1306.85
    }
},
{
    "model": "mmetering.meterdata",
    "pk": 52028,
    "fields": {
        "meter": 4,
        "saved_time": "2017-04-29T22:45:00",
        "value": 1308.16
    }
},
{
    "model": "mmetering.meterdata",
    "pk": 52029,
    "fields": {
        "meter": 4,
        "saved_time": "2017-04-29T23:00:00",
        "value": 1309.51
    }
},
{
    "model": "mmetering.meterdata",
    "pk": 52030,
    "fields": {
        "meter": 4,
        "saved_time": "2017-04-29T23:15:00",
        "value": 1310.81
    }
},
{
    "model": "mmetering.meterdata",
    "pk": 52031,
    "fields": {
        "meter": 4,
        "saved_time": "2017-04-29T23:30:00",
        "value": 1312.09
    }
},
{
    "model": "mmetering.meterdata",
    "pk": 52032,
    "fields": {
        "meter": 4,
        "saved_time": "2017-04-29T23:45:00",
        "value": 1313.4
    }
},
{
    "model": "mmetering.meterdata",
    "pk": 52033,
    "fields": {
        "meter": 4,
        "saved_time": "2017-04-30T00:00:00",
        "value": 1314.79
    }
},
{
    "model": "mmetering.meterdata",
    "pk": 52034,
    "fields": {
        "meter": 4,
        "saved_time": "2017-04-30T00:15:00",
        "value": 1316.03
    }
},
{
    "model": "mmetering.meterdata",
    "pk": 52035,
    "fields": {
        "meter": 4,
        "saved_time": "2017-04-30T00:30:00",
        "value": 1317.34
    }
},
{
    "model": "mmetering.meterdata",
    "pk": 52036,
    "fields": {
        "meter": 4,
        "saved_time": "2017-04-30T00:45:00",
        "value": 1318.68
    }
},
{
    "model": "mmetering.meterdata",
    "pk": 52037,
    "fields": {
        "meter": 4,
        "saved_time": "2017-04-30T01:00:00",
        "value": 1320.04
    }
},
{
    "model": "mmetering.meterdata",
    "pk": 52038,
    "fields": {
        "meter": 4,
        "saved_time": "2017-04-30T01:15:00",
        "value": 1321.3
    }
},
{
    "model": "mmetering.meterdata",
    "pk": 52039,
    "fields": {
        "meter": 4,
        "saved_time": "2017-04-30T01:30:00",
        "value": 1322.62
    }
},
{
    "model": "mmetering.meterdata",
    "pk": 52040,
    "fields": {
        "meter": 4,
        "saved_time": "2017-04-30T01:45:00",
        "value": 1323.99
    }
},
{
    "model": "mmetering.meterdata",
    "pk": 52041,
    "fields": {
        "meter": 4,
        "saved_time": "2017-04-30T02:00:00",
        "value": 1325.3
    }
},
{
    "model": "mmetering.meterdata",
    "pk": 52042,
    "fields": {
        "meter": 4,
        "saved_time": "2017-04-30T02:15:00",
        "value": 1326.59
    }
},
{
    "model": "mmetering.meterdata",
    "pk": 52043,
    "fields": {
        "meter": 4,
        "saved_time": "2017-04-30T02:30:00",
        "value": 1327.92
    }
},
{
    "model": "mmetering.meterdata",
    "pk": 52044,
    "fields": {
        "meter": 4,
        "saved_time": "2017-04-30T02:45:00",
        "value": 1329.32
    }
},
{
    "model": "mmetering.meterdata",
    "pk": 52045,
    "fields": {
        "meter": 4,
        "saved_time": "2017-04-30T03:00:00",
        "value": 1330.58
    }
},
{
    "model": "mmetering.meterdata",
    "pk": 52046,
    "fields": {
        "meter": 4,
        "saved_time": "2017-04-30T03:15:00",
        "value": 1331.91
    }
},
{
    "model": "mmetering.meterdata",
    "pk": 52047,
    "fields": {
        "meter": 4,
        "saved_time": "2017-04-30T03:30:00",
        "value": 1333.26
    }
},
{
    "model": "mmetering.meterdata",
    "pk": 52048,
    "fields": {
        "meter": 4,
        "saved_time": "2017-04-30T03:45:00",
        "value": 1334.63
    }
},
{
    "model": "mmetering.meterdata",
    "pk": 52049,
    "fields": {
        "meter": 4,
        "saved_time": "2017-04-30T04:00:00",
        "value": 1335.91
    }
},
{
    "model": "mmetering.meterdata",
    "pk": 52050,
    "fields": {
        "meter": 4,
        "saved_time": "2017-04-30T04:15:00",
        "value": 1337.24
    }
},
{
    "model": "mmetering.meterdata",
    "pk": 52051,
    "fields": {
        "meter": 4,
        "saved_time": "2017-04-30T04:30:00",
        "value": 1338.63
    }
},
{
    "model": "mmetering.meterdata",
    "pk": 52052,
    "fields": {
        "meter": 4,
        "saved_time": "2017-04-30T04:45:00",
        "value": 1339.95
    }
},
{
    "model": "mmetering.meterdata",
    "pk": 52053,
    "fields": {
        "meter": 4,
        "saved_time": "2017-04-30T05:00:00",
        "value": 1341.26
    }
},
{
    "model": "mmetering.meterdata",
    "pk": 52054,
    "fields": {
        "meter": 4,
        "saved_time": "2017-04-30T05:15:00",
        "value": 1342.6
    }
},
{
    "model": "mmetering.meterdata",
    "pk": 52055,
    "fields": {
        "meter": 4,
        "saved_time": "2017-04-30T05:30:00",
        "value": 1344.02
    }
},
{
    "model": "mmetering.meterdata",
    "pk": 52056,
    "fields": {
        "meter": 4,
        "saved_time": "2017-04-30T05:45:00",
        "value": 1345.29
    }
},
{
    "model": "mmetering.meterdata",
    "pk": 52057,
    "fields": {
        "meter": 4,
        "saved_time": "2017-04-30T06:00:00",
        "value": 1346.63
    }
},
{
    "model": "mmetering.meterdata",
    "pk": 52058,
    "fields": {
        "meter": 4,
        "saved_time": "2017-04-30T06:15:00",
        "value": 1348.0
    }
},
{
    "model": "mmetering.meterdata",
    "pk": 52059,
    "fields": {
        "meter": 4,
        "saved_time": "2017-04-30T06:30:00",
        "value": 1349.38
    }
},
{
    "model": "mmetering.meterdata",
    "pk": 52060,
    "fields": {
        "meter": 4,
        "saved_time": "2017-04-30T06:45:00",
        "value": 1350.68
    }
},
{
    "model": "mmetering.meterdata",
    "pk": 52061,
    "fields": {
        "meter": 4,
        "saved_time": "2017-04-30T07:00:00",
        "value": 1352.03
    }
},
{
    "model": "mmetering.meterdata",
    "pk": 52062,
    "fields": {
        "meter": 4,
        "saved_time": "2017-04-30T07:15:00",
        "value": 1353.43
    }
},
{
    "model": "mmetering.meterdata",
    "pk": 52063,
    "fields": {
        "meter": 4,
        "saved_time": "2017-04-30T07:30:00",
        "value": 1354.76
    }
},
{
    "model": "mmetering.meterdata",
    "pk": 52064,
    "fields": {
        "meter": 4,
        "saved_time": "2017-04-30T07:45:00",
        "value": 1356.12
    }
},
{
    "model": "mmetering.meterdata",
    "pk": 52065,
    "fields": {
        "meter": 4,
        "saved_time": "2017-04-30T08:00:00",
        "value": 1357.67
    }
},
{
    "model": "mmetering.meterdata",
    "pk": 52066,
    "fields": {
        "meter": 4,
        "saved_time": "2017-04-30T08:15:00",
        "value": 1359.19
    }
},
{
    "model": "mmetering.meterdata",
    "pk": 52067,
    "fields": {
        "meter": 4,
        "saved_time": "2017-04-30T08:30:00",
        "value": 1360.47
    }
},
{
    "model": "mmetering.meterdata",
    "pk": 52068,
    "fields": {
        "meter": 4,
        "saved_time": "2017-04-30T08:45:00",
        "value": 1361.83
    }
},
{
    "model": "mmetering.meterdata",
    "pk": 52069,
    "fields": {
        "meter": 4,
        "saved_time": "2017-04-30T09:00:00",
        "value": 1363.21
    }
},
{
    "model": "mmetering.meterdata",
    "pk": 52070,
    "fields": {
        "meter": 4,
        "saved_time": "2017-04-30T09:15:00",
        "value": 1364.62
    }
},
{
    "model": "mmetering.meterdata",
    "pk": 52071,
    "fields": {
        "meter": 4,
        "saved_time": "2017-04-30T09:30:00",
        "value": 1365.92
    }
},
{
    "model": "mmetering.meterdata",
    "pk": 52072,
    "fields": {
        "meter": 4,
        "saved_time": "2017-04-30T09:45:00",
        "value": 1367.29
    }
},
{
    "model": "mmetering.meterdata",
    "pk": 52073,
    "fields": {
        "meter": 4,
        "saved_time": "2017-04-30T10:00:00",
        "value": 1368.7
    }
},
{
    "model": "mmetering.meterdata",
    "pk": 52074,
    "fields": {
        "meter": 4,
        "saved_time": "2017-04-30T10:15:00",
        "value": 1370.05
    }
},
{
    "model": "mmetering.meterdata",
    "pk": 52075,
    "fields": {
        "meter": 4,
        "saved_time": "2017-04-30T10:30:00",
        "value": 1371.4
    }
},
{
    "model": "mmetering.meterdata",
    "pk": 52076,
    "fields": {
        "meter": 4,
        "saved_time": "2017-04-30T10:45:00",
        "value": 1372.77
    }
},
{
    "model": "mmetering.meterdata",
    "pk": 52077,
    "fields": {
        "meter": 4,
        "saved_time": "2017-04-30T11:00:00",
        "value": 1374.21
    }
},
{
    "model": "mmetering.meterdata",
    "pk": 52078,
    "fields": {
        "meter": 4,
        "saved_time": "2017-04-30T11:15:00",
        "value": 1375.51
    }
},
{
    "model": "mmetering.meterdata",
    "pk": 52079,
    "fields": {
        "meter": 4,
        "saved_time": "2017-04-30T11:30:00",
        "value": 1376.89
    }
},
{
    "model": "mmetering.meterdata",
    "pk": 52080,
    "fields": {
        "meter": 4,
        "saved_time": "2017-04-30T11:45:00",
        "value": 1378.28
    }
},
{
    "model": "mmetering.meterdata",
    "pk": 52081,
    "fields": {
        "meter": 4,
        "saved_time": "2017-04-30T12:00:00",
        "value": 1379.7
    }
},
{
    "model": "mmetering.meterdata",
    "pk": 52082,
    "fields": {
        "meter": 4,
        "saved_time": "2017-04-30T12:15:00",
        "value": 1381.02
    }
},
{
    "model": "mmetering.meterdata",
    "pk": 52083,
    "fields": {
        "meter": 4,
        "saved_time": "2017-04-30T12:30:00",
        "value": 1382.41
    }
},
{
    "model": "mmetering.meterdata",
    "pk": 52084,
    "fields": {
        "meter": 4,
        "saved_time": "2017-04-30T12:45:00",
        "value": 1383.83
    }
},
{
    "model": "mmetering.meterdata",
    "pk": 52085,
    "fields": {
        "meter": 4,
        "saved_time": "2017-04-30T13:00:00",
        "value": 1385.2
    }
},
{
    "model": "mmetering.meterdata",
    "pk": 52086,
    "fields": {
        "meter": 4,
        "saved_time": "2017-04-30T13:15:00",
        "value": 1386.56
    }
},
{
    "model": "mmetering.meterdata",
    "pk": 52087,
    "fields": {
        "meter": 4,
        "saved_time": "2017-04-30T13:30:00",
        "value": 1387.94
    }
},
{
    "model": "mmetering.meterdata",
    "pk": 52088,
    "fields": {
        "meter": 4,
        "saved_time": "2017-04-30T13:45:00",
        "value": 1389.41
    }
},
{
    "model": "mmetering.meterdata",
    "pk": 52089,
    "fields": {
        "meter": 4,
        "saved_time": "2017-04-30T14:00:00",
        "value": 1390.72
    }
},
{
    "model": "mmetering.meterdata",
    "pk": 52090,
    "fields": {
        "meter": 4,
        "saved_time": "2017-04-30T14:15:00",
        "value": 1392.11
    }
},
{
    "model": "mmetering.meterdata",
    "pk": 52091,
    "fields": {
        "meter": 4,
        "saved_time": "2017-04-30T14:30:00",
        "value": 1393.52
    }
},
{
    "model": "mmetering.meterdata",
    "pk": 52092,
    "fields": {
        "meter": 4,
        "saved_time": "2017-04-30T14:45:00",
        "value": 1394.95
    }
},
{
    "model": "mmetering.meterdata",
    "pk": 52093,
    "fields": {
        "meter": 4,
        "saved_time": "2017-04-30T15:00:00",
        "value": 1396.29
    }
},
{
    "model": "mmetering.meterdata",
    "pk": 52094,
    "fields": {
        "meter": 4,
        "saved_time": "2017-04-30T15:15:00",
        "value": 1397.69
    }
},
{
    "model": "mmetering.meterdata",
    "pk": 52095,
    "fields": {
        "meter": 4,
        "saved_time": "2017-04-30T15:30:00",
        "value": 1399.13
    }
},
{
    "model": "mmetering.meterdata",
    "pk": 52096,
    "fields": {
        "meter": 4,
        "saved_time": "2017-04-30T15:45:00",
        "value": 1400.51
    }
},
{
    "model": "mmetering.meterdata",
    "pk": 52097,
    "fields": {
        "meter": 4,
        "saved_time": "2017-04-30T16:00:00",
        "value": 1402.15
    }
},
{
    "model": "mmetering.meterdata",
    "pk": 52098,
    "fields": {
        "meter": 4,
        "saved_time": "2017-04-30T16:15:00",
        "value": 1403.29
    }
},
{
    "model": "mmetering.meterdata",
    "pk": 52099,
    "fields": {
        "meter": 4,
        "saved_time": "2017-04-30T16:30:00",
        "value": 1404.77
    }
},
{
    "model": "mmetering.meterdata",
    "pk": 52100,
    "fields": {
        "meter": 4,
        "saved_time": "2017-04-30T16:45:00",
        "value": 1406.1
    }
},
{
    "model": "mmetering.meterdata",
    "pk": 52101,
    "fields": {
        "meter": 4,
        "saved_time": "2017-04-30T17:00:00",
        "value": 1407.5
    }
},
{
    "model": "mmetering.meterdata",
    "pk": 52102,
    "fields": {
        "meter": 4,
        "saved_time": "2017-04-30T17:15:00",
        "value": 1408.93
    }
},
{
    "model": "mmetering.meterdata",
    "pk": 52103,
    "fields": {
        "meter": 4,
        "saved_time": "2017-04-30T17:30:00",
        "value": 1410.38
    }
},
{
    "model": "mmetering.meterdata",
    "pk": 52104,
    "fields": {
        "meter": 4,
        "saved_time": "2017-04-30T17:45:00",
        "value": 1411.73
    }
},
{
    "model": "mmetering.meterdata",
    "pk": 52105,
    "fields": {
        "meter": 4,
        "saved_time": "2017-04-30T18:00:00",
        "value": 1413.14
    }
},
{
    "model": "mmetering.meterdata",
    "pk": 52106,
    "fields": {
        "meter": 4,
        "saved_time": "2017-04-30T18:15:00",
        "value": 1414.6
    }
},
{
    "model": "mmetering.meterdata",
    "pk": 52107,
    "fields": {
        "meter": 4,
        "saved_time": "2017-04-30T18:30:00",
        "value": 1416.0
    }
},
{
    "model": "mmetering.meterdata",
    "pk": 52108,
    "fields": {
        "meter": 4,
        "saved_time": "2017-04-30T18:45:00",
        "value": 1418.05
    }
},
{
    "model": "mmetering.meterdata",
    "pk": 52109,
    "fields": {
        "meter": 4,
        "saved_time": "2017-04-30T19:00:00",
        "value": 1419.73
    }
},
{
    "model": "mmetering.meterdata",
    "pk": 52110,
    "fields": {
        "meter": 4,
        "saved_time": "2017-04-30T19:15:00",
        "value": 1421.1
    }
},
{
    "model": "mmetering.meterdata",
    "pk": 52111,
    "fields": {
        "meter": 4,
        "saved_time": "2017-04-30T19:30:00",
        "value": 1421.64
    }
},
{
    "model": "mmetering.meterdata",
    "pk": 52112,
    "fields": {
        "meter": 4,
        "saved_time": "2017-04-30T19:45:00",
        "value": 1423.06
    }
},
{
    "model": "mmetering.meterdata",
    "pk": 52113,
    "fields": {
        "meter": 4,
        "saved_time": "2017-04-30T20:00:00",
        "value": 1424.45
    }
},
{
    "model": "mmetering.meterdata",
    "pk": 52114,
    "fields": {
        "meter": 4,
        "saved_time": "2017-04-30T20:15:00",
        "value": 1425.91
    }
},
{
    "model": "mmetering.meterdata",
    "pk": 52115,
    "fields": {
        "meter": 4,
        "saved_time": "2017-04-30T20:30:00",
        "value": 1427.28
    }
},
{
    "model": "mmetering.meterdata",
    "pk": 52116,
    "fields": {
        "meter": 4,
        "saved_time": "2017-04-30T20:45:00",
        "value": 1428.71
    }
},
{
    "model": "mmetering.meterdata",
    "pk": 52117,
    "fields": {
        "meter": 4,
        "saved_time": "2017-04-30T21:00:00",
        "value": 1430.18
    }
},
{
    "model": "mmetering.meterdata",
    "pk": 52118,
    "fields": {
        "meter": 4,
        "saved_time": "2017-04-30T21:15:00",
        "value": 1431.59
    }
},
{
    "model": "mmetering.meterdata",
    "pk": 52119,
    "fields": {
        "meter": 4,
        "saved_time": "2017-04-30T21:30:00",
        "value": 1433.0
    }
},
{
    "model": "mmetering.meterdata",
    "pk": 52120,
    "fields": {
        "meter": 4,
        "saved_time": "2017-04-30T21:45:00",
        "value": 1434.37
    }
},
{
    "model": "mmetering.meterdata",
    "pk": 52121,
    "fields": {
        "meter": 4,
        "saved_time": "2017-04-30T22:00:00",
        "value": 1435.69
    }
},
{
    "model": "mmetering.meterdata",
    "pk": 52122,
    "fields": {
        "meter": 4,
        "saved_time": "2017-04-30T22:15:00",
        "value": 1437.05
    }
},
{
    "model": "mmetering.meterdata",
    "pk": 52123,
    "fields": {
        "meter": 4,
        "saved_time": "2017-04-30T22:30:00",
        "value": 1438.48
    }
},
{
    "model": "mmetering.meterdata",
    "pk": 52124,
    "fields": {
        "meter": 4,
        "saved_time": "2017-04-30T22:45:00",
        "value": 1439.94
    }
},
{
    "model": "mmetering.meterdata",
    "pk": 52125,
    "fields": {
        "meter": 4,
        "saved_time": "2017-04-30T23:00:00",
        "value": 1441.42
    }
},
{
    "model": "mmetering.meterdata",
    "pk": 52126,
    "fields": {
        "meter": 4,
        "saved_time": "2017-04-30T23:15:00",
        "value": 1442.8
    }
},
{
    "model": "mmetering.meterdata",
    "pk": 52127,
    "fields": {
        "meter": 4,
        "saved_time": "2017-04-30T23:30:00",
        "value": 1444.25
    }
},
{
    "model": "mmetering.meterdata",
    "pk": 52128,
    "fields": {
        "meter": 4,
        "saved_time": "2017-04-30T23:45:00",
        "value": 1445.74
    }
},
{
    "model": "mmetering.meterdata",
    "pk": 52129,
    "fields": {
        "meter": 6,
        "saved_time": "2017-04-19T23:45:00",
        "value": 2350.21
    }
},
{
    "model": "mmetering.meterdata",
    "pk": 52130,
    "fields": {
        "meter": 6,
        "saved_time": "2017-04-19T23:30:00",
        "value": 2400.24
    }
},
{
    "model": "mmetering.activities",
    "pk": 81,
    "fields": {
        "title": "Excel-Datei heruntergeladen",
        "text": "Der Benutzer admin hat eine Zusammenfassung der Verbrauchsdaten heruntergeladen",
        "timestamp": "2017-04-20T17:19:43.893"
    }
},
{
    "model": "mmetering.activities",
    "pk": 82,
    "fields": {
        "title": "Excel-Datei heruntergeladen",
        "text": "Der Benutzer admin hat eine Zusammenfassung der Verbrauchsdaten heruntergeladen",
        "timestamp": "2017-04-23T17:38:22.443"
    }
},
{
    "model": "mmetering.activities",
    "pk": 83,
    "fields": {
        "title": "Excel-Datei heruntergeladen",
        "text": "Der Benutzer admin hat eine Zusammenfassung der Verbrauchsdaten heruntergeladen",
        "timestamp": "2017-04-23T17:38:33.898"
    }
}
]
